cycle,temperature,vibration,current,rpm,health_score,status,recommendation,faults
1,47.12,1.41,4.09,1491.36,100,NORMAL,Continue normal operation,None
2,52.51,1.65,4.05,1491.55,100,NORMAL,Continue normal operation,None
3,55.25,1.91,4.05,1480.88,100,NORMAL,Continue normal operation,None
4,49.98,2.37,4.46,1458.56,100,NORMAL,Continue normal operation,None
5,52.22,1.88,4.31,1481.48,100,NORMAL,Continue normal operation,None
6,58.02,2.45,4.59,1451.87,100,NORMAL,Continue normal operation,None
7,56.85,2.68,4.74,1453.72,100,NORMAL,Continue normal operation,None
8,57.46,2.26,4.92,1455.8,100,NORMAL,Continue normal operation,None
9,61.4,3.02,5.04,1466.23,85,NORMAL,Continue normal operation,None
10,58.14,3.13,4.93,1455.06,85,NORMAL,Continue normal operation,None
11,59.94,3.31,4.76,1431.36,85,NORMAL,Continue normal operation,None
12,60.82,3.01,5.0,1448.17,85,NORMAL,Continue normal operation,None
13,61.98,2.9,5.13,1427.58,100,NORMAL,Continue normal operation,None
14,68.07,3.68,5.02,1425.08,70,WARNING,Schedule maintenance inspection,None
15,67.91,3.75,5.64,1437.42,60,WARNING,Schedule maintenance inspection,None
16,71.09,3.55,5.15,1419.66,70,WARNING,Schedule maintenance inspection,None
17,68.19,3.98,5.47,1434.46,70,WARNING,Schedule maintenance inspection,None
18,67.06,4.2,5.48,1420.74,70,WARNING,Schedule maintenance inspection,None
19,74.55,3.85,5.63,1419.31,60,WARNING,Schedule maintenance inspection,None
20,72.42,4.14,5.43,1412.76,70,WARNING,Schedule maintenance inspection,None
21,76.67,4.65,5.53,1394.78,50,WARNING,Schedule maintenance inspection,None
22,77.93,4.66,5.74,1396.91,50,WARNING,Schedule maintenance inspection,None
23,76.22,4.62,5.74,1387.68,50,WARNING,Schedule maintenance inspection,None
24,74.84,5.17,5.87,1399.78,35,CRITICAL,Stop machine and perform maintenance,None
25,79.77,4.9,5.91,1387.22,50,WARNING,Schedule maintenance inspection,None
26,78.46,5.23,6.03,1388.45,35,CRITICAL,Stop machine and perform maintenance,None
27,77.7,5.11,6.48,1397.29,35,CRITICAL,Stop machine and perform maintenance,None
28,84.95,5.51,6.6,1378.01,20,CRITICAL,Stop machine and perform maintenance,OVER TEMPERATURE
29,86.47,5.24,6.72,1387.19,20,CRITICAL,Stop machine and perform maintenance,OVER TEMPERATURE
30,81.33,5.44,6.63,1387.31,20,CRITICAL,Stop machine and perform maintenance,OVER TEMPERATURE
